ID;Data;Provenienza;URL;Esito;Categorie;Dominio;Creato;Aggiornato;Scadenza;Nome del registrante;Organizzazione registrante;Città e/o regione del registrante;Nome Registrar;Email;Numero di Malware Trovati;;;;Tipologia di Malware;Famiglie del Malware;Dominio;FilePath;IP
1;2021-04-22;c.n.c.p.o.;https://it.xhamster.com/;Corretto;Pornography: Includes Web sites containing the depiction of sexually explicit activities and erotic content unsuitable to persons under the age of 18.;XHAMSTER.COM;2007-04-02;2021-03-03;2022-04-02;None;None;None, None;NameCheap, Inc.;abuse@namecheap.com;192;;;;############;############;############;############;############
;;;;;;;;;;;;;;;;;;;SPM;['Spam Zero-Day'];xhamster.com;P_awopuobi9561.zip;87.158.194.93
;;;;;;;;;;;;;;;;;;;SPM;['Spam Zero-Day'];xhamster.com;details_outose.zip;154.101.95.1
;;;;;;;;;;;;;;;;;;;SPM;['Spam Zero-Day'];xhamster.com;ATM_exaepajaj9662.zip;117.220.8.141
;;;;;;;;;;;;;;;;;;;SPM;['Spam Zero-Day'];xhamster.com;unpaid_hueningerd.zip;27.4.203.27
;;;;;;;;;;;;;;;;;;;SPM;['Spam Zero-Day'];xhamster.com;unpaid_angstonyhceognh.zip;182.232.164.241
;;;;;;;;;;;;;;;;;;;SPM;['Spam Zero-Day'];xhamster.com;unpaid_gonib2065.zip;191.222.98.233
;;;;;;;;;;;;;;;;;;;SPM;['Spam Zero-Day'];xhamster.com;INVOICE_degivavy9518.zip;187.230.98.150
;;;;;;;;;;;;;;;;;;;SPM;['Spam Zero-Day'];xhamster.com;payment_hensen.zip;39.42.160.216
;;;;;;;;;;;;;;;;;;;SPM;['Spam Zero-Day'];xhamster.com;payment_toflame.zip;223.176.151.89
;;;;;;;;;;;;;;;;;;;SPM;['Spam Zero-Day'];xhamster.com;payment_am148.netis.net.r.zip;190.9.217.225
;;;;;;;;;;;;;;;;;;;SPM;['Spam Zero-Day'];xhamster.com;payment_uzeequxoo4937.zip;179.25.52.189
;;;;;;;;;;;;;;;;;;;SPM;['Spam Zero-Day'];xhamster.com;INVOICE_arteriole.zip;116.73.139.121
;;;;;;;;;;;;;;;;;;;SPM;['Spam Zero-Day'];xhamster.com;INVOICE_culver.zip;181.179.132.165
;;;;;;;;;;;;;;;;;;;SPM;['Spam Zero-Day'];xhamster.com;receipt_koidenn.zip;187.149.221.140
;;;;;;;;;;;;;;;;;;;SPM;['Spam Zero-Day'];xhamster.com;lastpayment_iamaspectical.zip;103.247.15.144
;;;;;;;;;;;;;;;;;;;SPM;['Spam Zero-Day'];xhamster.com;transfer_josef.tiefenbach.zip;177.249.94.140
;;;;;;;;;;;;;;;;;;;SPM;['Spam Zero-Day'];xhamster.com;logs_fuzi.zip;94.79.88.99
;;;;;;;;;;;;;;;;;;;SPM;['Spam Zero-Day'];xhamster.com;order_lloyd_larsonmy.zip;116.110.37.43
;;;;;;;;;;;;;;;;;;;SPM;['Spam Zero-Day'];xhamster.com;virtualcard_m.colvin_ma.zip;45.124.6.157
;;;;;;;;;;;;;;;;;;;SPM;['Spam Zero-Day'];xhamster.com;order_japufagisa1285.zip;1.23.40.110
;;;;;;;;;;;;;;;;;;;SPM;['Spam Zero-Day'];xhamster.com;account_dixiekimberley.zip;190.116.31.51
;;;;;;;;;;;;;;;;;;;SPM;['Spam Zero-Day'];xhamster.com;iviexe6593_97706aa.zip;180.214.246.10
;;;;;;;;;;;;;;;;;;;SPM;['Spam Zero-Day'];xhamster.com;pdf_atayqeqyf3423_c561410.zip;177.82.87.131
;;;;;;;;;;;;;;;;;;;SPM;['Spam Zero-Day'];xhamster.com;insurance_1bb6416.zip;162.104.227.215
;;;;;;;;;;;;;;;;;;;SPM;['Spam Zero-Day'];xhamster.com;fin_docs_f39fa0d29.zip;46.225.123.58
;;;;;;;;;;;;;;;;;;;SPM;['Spam Zero-Day'];xhamster.com;fin_docs_fde676cec.zip;117.197.120.168
;;;;;;;;;;;;;;;;;;;SPM;['Spam Zero-Day'];xhamster.com;shipment_824e7689.zip;212.14.243.190
;;;;;;;;;;;;;;;;;;;SPM;['Spam Zero-Day'];xhamster.com;shipment_66c90fd2.zip;148.204.161.65
;;;;;;;;;;;;;;;;;;;SPM;['Spam Zero-Day'];xhamster.com;tech_doc_a3edefe3.zip;117.192.201.215
;;;;;;;;;;;;;;;;;;;SPM;['Spam Zero-Day'];xhamster.com;parcel_eaaf34de.zip;154.103.180.107
;;;;;;;;;;;;;;;;;;;SPM;['Spam Zero-Day'];xhamster.com;parcel_11b0242.zip;200.6.175.10
;;;;;;;;;;;;;;;;;;;SPM;['Spam Zero-Day'];xhamster.com;november_bill_41b306aa.zip;186.153.228.59
;;;;;;;;;;;;;;;;;;;SPM;['Spam Zero-Day'];xhamster.com;flight_tickets_3fa62ae3.zip;103.42.173.10
;;;;;;;;;;;;;;;;;;;SPM;['Spam Zero-Day'];xhamster.com;last_transactions_4a0cd25.zip;202.166.171.82
;;;;;;;;;;;;;;;;;;;SPM;['Spam Zero-Day'];xhamster.com;transaction-details_a97a057d8.zip;171.97.15.146
;;;;;;;;;;;;;;;;;;;SPM;['Spam Zero-Day'];xhamster.com;transaction-details_93bb87e3.zip;41.85.189.165
;;;;;;;;;;;;;;;;;;;SPM;['Spam Zero-Day'];xhamster.com;tracking_number_86224fe.zip;46.1.131.158
;;;;;;;;;;;;;;;;;;;SPM;['Spam Zero-Day'];xhamster.com;payment_history_bf071f6dd.zip;203.153.44.29
;;;;;;;;;;;;;;;;;;;SPM;['Spam Zero-Day'];xhamster.com;detailed_bill_6501b4ff.zip;5.116.133.24
;;;;;;;;;;;;;;;;;;;SPM;['Spam Zero-Day'];xhamster.com;detailed_bill_5a3d94887.zip;162.104.227.215
;;;;;;;;;;;;;;;;;;;SPM;['Spam Zero-Day'];xhamster.com;order_details_84499df66.zip;42.118.89.204
;;;;;;;;;;;;;;;;;;;SPM;['Spam Zero-Day'];xhamster.com;order_details_784b88fd.zip;103.9.181.197
;;;;;;;;;;;;;;;;;;;SPM;['Spam Zero-Day'];xhamster.com;order_details_93df08d.zip;175.101.91.161
;;;;;;;;;;;;;;;;;;;SPM;['Spam Zero-Day'];xhamster.com;fixed_invoice_51c35f946.zip;5.55.116.69
;;;;;;;;;;;;;;;;;;;SPM;['Spam Zero-Day'];xhamster.com;paychecks_f8d9158f.zip;190.119.208.9
;;;;;;;;;;;;;;;;;;;SPM;['Spam Zero-Day'];xhamster.com;complaint_letter_3cbdb45.zip;103.232.65.151
;;;;;;;;;;;;;;;;;;;SPM;['Spam Zero-Day'];xhamster.com;complaint_letter_d3f76cf.zip;37.254.43.27
;;;;;;;;;;;;;;;;;;;SPM;['Spam Zero-Day'];xhamster.com;refund_scan_077e2bc95.zip;182.73.76.170
;;;;;;;;;;;;;;;;;;;SPM;['Spam Zero-Day'];xhamster.com;Travel_Itinerary-abb6b03.zip;103.255.5.117
;;;;;;;;;;;;;;;;;;;SPM;['Spam Zero-Day'];xhamster.com;paperwork_scan_905d2b41.zip;41.230.105.106
;;;;;;;;;;;;;;;;;;;SPM;['Spam Zero-Day'];xhamster.com;DHL_parcel_25c9852a.zip;223.196.76.169
;;;;;;;;;;;;;;;;;;;SPM;['Spam Zero-Day'];xhamster.com;transaction_copy_e57057827.zip;27.97.27.17
;;;;;;;;;;;;;;;;;;;SPM;['Spam Zero-Day'];xhamster.com;debit_card_89434ac0.zip;194.165.147.23
;;;;;;;;;;;;;;;;;;;SPM;['Spam Zero-Day'];xhamster.com;proposal_form_81eb53c02.zip;14.98.111.200
;;;;;;;;;;;;;;;;;;;SPM;['Spam Zero-Day'];xhamster.com;proposal_form_198fbee7.zip;171.234.237.144
;;;;;;;;;;;;;;;;;;;SPM;['Spam Zero-Day'];xhamster.com;proposal_form_366c148.zip;58.84.24.92
;;;;;;;;;;;;;;;;;;;SPM;['Spam Zero-Day'];xhamster.com;proposal_form_98f57c44f.zip;60.254.121.59
;;;;;;;;;;;;;;;;;;;SPM;['Spam Zero-Day'];xhamster.com;31a2d3c44fcc.zip;196.186.171.83
;;;;;;;;;;;;;;;;;;;SPM;['Spam Zero-Day'];xhamster.com;61c881f1473.zip;202.29.213.158
;;;;;;;;;;;;;;;;;;;SPM;['Spam Zero-Day'];xhamster.com;06b3a7f4ea6d.zip;62.231.206.2
;;;;;;;;;;;;;;;;;;;SPM;['Spam Zero-Day'];xhamster.com;88cedddec574.zip;117.197.218.22
;;;;;;;;;;;;;;;;;;;SPM;['Spam Zero-Day'];xhamster.com;c9dc681e72e.zip;190.42.141.243
;;;;;;;;;;;;;;;;;;;SPM;['Spam Zero-Day'];xhamster.com;9fe5b583bc.zip;163.47.14.146
;;;;;;;;;;;;;;;;;;;SPM;['Spam Zero-Day'];xhamster.com;ee4ebfee5b3.zip;120.188.0.214
;;;;;;;;;;;;;;;;;;;SPM;['Spam Zero-Day'];xhamster.com;06ee87b4d6d.zip;187.4.166.60
;;;;;;;;;;;;;;;;;;;SPM;['Spam Zero-Day'];xhamster.com;4f99c555ecec.zip;41.223.141.85
;;;;;;;;;;;;;;;;;;;SPM;['Spam Zero-Day'];xhamster.com;25330ee09b23.zip;116.110.1.228
;;;;;;;;;;;;;;;;;;;SPM;['Spam Zero-Day'];xhamster.com;0310d4be7a7.zip;116.97.185.92
;;;;;;;;;;;;;;;;;;;SPM;['Spam Zero-Day'];xhamster.com;ef0af0c327.zip;87.101.211.18
;;;;;;;;;;;;;;;;;;;SPM;['Spam Zero-Day'];xhamster.com;411b171372.zip;116.58.249.224
;;;;;;;;;;;;;;;;;;;SPM;['Spam Zero-Day'];xhamster.com;9fd2d877147f.zip;189.140.93.141
;;;;;;;;;;;;;;;;;;;SPM;['Spam Zero-Day'];xhamster.com;9ce478a967.zip;115.186.102.132
;;;;;;;;;;;;;;;;;;;SPM;['Spam Zero-Day'];xhamster.com;3b4f88d5986.zip;116.100.251.164
;;;;;;;;;;;;;;;;;;;SPM;['Spam Zero-Day'];xhamster.com;a8858591d90.zip;46.100.80.196
;;;;;;;;;;;;;;;;;;;SPM;['Spam Zero-Day'];xhamster.com;aeb5fdcf1939.zip;113.22.92.239
;;;;;;;;;;;;;;;;;;;SPM;['Spam Zero-Day'];xhamster.com;38ef2e6696.zip;117.220.6.157
;;;;;;;;;;;;;;;;;;;SPM;['Spam Zero-Day'];xhamster.com;624318fc15.zip;103.211.189.87
;;;;;;;;;;;;;;;;;;;SPM;['Spam Zero-Day'];xhamster.com;4bbf84b9013f.zip;201.255.62.218
;;;;;;;;;;;;;;;;;;;SPM;['Spam Zero-Day'];xhamster.com;bc5036221c8.zip;103.255.5.117
;;;;;;;;;;;;;;;;;;;SPM;['Spam Zero-Day'];xhamster.com;8b6aca355804.zip;171.249.109.70
;;;;;;;;;;;;;;;;;;;SPM;['Spam Zero-Day'];xhamster.com;ea0371107e.zip;124.82.91.36
;;;;;;;;;;;;;;;;;;;SPM;['Spam Zero-Day'];xhamster.com;d81edebfb74.zip;189.138.239.117
;;;;;;;;;;;;;;;;;;;SPM;['Spam Zero-Day'];xhamster.com;53ce3db9b5.zip;222.124.166.11
;;;;;;;;;;;;;;;;;;;SPM;['Spam Zero-Day'];xhamster.com;eeef6f0a05.zip;43.239.206.38
;;;;;;;;;;;;;;;;;;;SPM;['Spam Zero-Day'];xhamster.com;e57904c69fb.zip;95.38.134.66
;;;;;;;;;;;;;;;;;;;SPM;['Spam Zero-Day'];xhamster.com;ea68d432ec61.zip;92.27.165.66
;;;;;;;;;;;;;;;;;;;SPM;['Spam Zero-Day'];xhamster.com;b3d9d518d0c.zip;92.57.168.30
;;;;;;;;;;;;;;;;;;;SPM;['Spam Zero-Day'];xhamster.com;e70a4ac9c5dc.zip;61.14.230.242
;;;;;;;;;;;;;;;;;;;SPM;['Spam Zero-Day'];xhamster.com;f76a8a88aec.zip;220.225.227.219
;;;;;;;;;;;;;;;;;;;SPM;['Spam Zero-Day'];xhamster.com;ff6ae19bb8a.zip;203.201.161.242
;;;;;;;;;;;;;;;;;;;SPM;['Spam Zero-Day'];xhamster.com;44b6ccbbc4ba.zip;191.247.231.32
;;;;;;;;;;;;;;;;;;;SPM;['Spam Zero-Day'];xhamster.com;a4597f10b48.zip;189.207.150.216
;;;;;;;;;;;;;;;;;;;SPM;['Spam Zero-Day'];xhamster.com;8286e9fe79.zip;114.69.227.202
;;;;;;;;;;;;;;;;;;;SPM;['Spam Zero-Day'];xhamster.com;25c120db3163.zip;103.15.60.238
;;;;;;;;;;;;;;;;;;;SPM;['Spam Zero-Day'];xhamster.com;2d0658b054.zip;60.254.46.146
;;;;;;;;;;;;;;;;;;;SPM;['Spam Zero-Day'];xhamster.com;fa317dec89.zip;81.12.148.122
;;;;;;;;;;;;;;;;;;;SPM;['Spam Zero-Day'];xhamster.com;58f1411c3e6.zip;112.133.238.13
;;;;;;;;;;;;;;;;;;;SPM;['Spam Zero-Day'];xhamster.com;5b75d0c606.zip;120.28.113.2
;;;;;;;;;;;;;;;;;;;SPM;['Spam Zero-Day'];xhamster.com;e94657167f.zip;36.37.216.128
;;;;;;;;;;;;;;;;;;;SPM;['Spam Zero-Day'];xhamster.com;f8ddd61f52.zip;62.221.131.13
;;;;;;;;;;;;;;;;;;;SPM;['Spam Zero-Day'];xhamster.com;c6bf0b733f5b.zip;111.93.186.146
;;;;;;;;;;;;;;;;;;;SPM;['Spam Zero-Day'];xhamster.com;7f51ab5e62ec.zip;203.81.71.35
;;;;;;;;;;;;;;;;;;;SPM;['Spam Zero-Day'];xhamster.com;0c2fe50cff0.zip;1.46.46.20
;;;;;;;;;;;;;;;;;;;SPM;['Spam Zero-Day'];xhamster.com;6a5a4d12c6.zip;103.21.228.101
;;;;;;;;;;;;;;;;;;;SPM;['Spam Zero-Day'];xhamster.com;2a322e3dbefa.zip;190.194.39.82
;;;;;;;;;;;;;;;;;;;SPM;['Spam Zero-Day'];xhamster.com;lussier_8C2BD7.zip;123.231.120.132
;;;;;;;;;;;;;;;;;;;SPM;['Spam Zero-Day'];xhamster.com;edb22d889f.zip;2.191.90.211
;;;;;;;;;;;;;;;;;;;SPM;['Spam Zero-Day'];xhamster.com;port_BEC5C9.zip;93.122.177.50
;;;;;;;;;;;;;;;;;;;SPM;['Spam Zero-Day'];xhamster.com;AEC3DE4_ers.zip;190.150.7.248
;;;;;;;;;;;;;;;;;;;SPM;['Spam Zero-Day'];xhamster.com;riggsbm_06A3FFB.zip;49.248.173.120
;;;;;;;;;;;;;;;;;;;SPM;['Spam Zero-Day'];xhamster.com;cleobeach_7F1192.zip;119.30.38.46
;;;;;;;;;;;;;;;;;;;SPM;['Spam Zero-Day'];xhamster.com;wylied_6DAAE.zip;91.117.205.242
;;;;;;;;;;;;;;;;;;;SPM;['Spam Zero-Day'];xhamster.com;chucho_25352.zip;180.211.193.146
;;;;;;;;;;;;;;;;;;;SPM;['Spam Zero-Day'];xhamster.com;tamarajackal_EF490F.zip;39.35.192.136
;;;;;;;;;;;;;;;;;;;SPM;['Spam Zero-Day'];xhamster.com;D034277_hisc.zip;117.206.8.235
;;;;;;;;;;;;;;;;;;;SPM;['Spam Zero-Day'];xhamster.com;D4622_persons.zip;178.156.31.146
;;;;;;;;;;;;;;;;;;;SPM;['Spam Zero-Day'];xhamster.com;79019E_himuujux5464.zip;77.70.8.192
;;;;;;;;;;;;;;;;;;;SPM;['Spam Zero-Day'];xhamster.com;82A8AA_kabixytuq5568.zip;202.72.226.113
;;;;;;;;;;;;;;;;;;;SPM;['Spam Zero-Day'];xhamster.com;manueladd_815F844.zip;117.253.51.79
;;;;;;;;;;;;;;;;;;;SPM;['Spam Zero-Day'];xhamster.com;meyer_118.zip;45.124.7.85
;;;;;;;;;;;;;;;;;;;SPM;['Spam Zero-Day'];xhamster.com;hafale_0DAC7.zip;113.175.25.227
;;;;;;;;;;;;;;;;;;;SPM;['Spam Zero-Day'];xhamster.com;xoache_0220.zip;182.48.71.154
;;;;;;;;;;;;;;;;;;;SPM;['Spam Zero-Day'];xhamster.com;zenodufoe2659_4B061.zip;70.158.30.196
;;;;;;;;;;;;;;;;;;;SPM;['Spam Zero-Day'];xhamster.com;748977_t.dunbar_to.zip;31.209.100.244
;;;;;;;;;;;;;;;;;;;SPM;['Spam Zero-Day'];xhamster.com;punishable_B6A00.zip;203.87.129.160
;;;;;;;;;;;;;;;;;;;SPM;['Spam Zero-Day'];xhamster.com;ustresigildodd_143BDFD.zip;154.68.22.115
;;;;;;;;;;;;;;;;;;;SPM;['Spam Zero-Day'];xhamster.com;eucuzoat2620_A41FE.zip;172.5.7.71
;;;;;;;;;;;;;;;;;;;SPM;['Spam Zero-Day'];xhamster.com;4A9A6_eobaoty4156.zip;116.74.126.63
;;;;;;;;;;;;;;;;;;;SPM;['Spam Zero-Day'];xhamster.com;sabina_162.zip;200.87.82.200
;;;;;;;;;;;;;;;;;;;SPM;['Spam Zero-Day'];xhamster.com;tcavok_27D1718.zip;70.158.30.196
;;;;;;;;;;;;;;;;;;;SPM;['Spam Zero-Day'];xhamster.com;attached_leonian_927242.zip;106.194.13.47
;;;;;;;;;;;;;;;;;;;SPM;['Spam Zero-Day'];xhamster.com;pruriencew5E809E_062370.zip;178.60.32.163
;;;;;;;;;;;;;;;;;;;SPM;['Spam Zero-Day'];xhamster.com;attached_glaweh_800758.zip;217.219.9.114
;;;;;;;;;;;;;;;;;;;SPM;['Spam Zero-Day'];xhamster.com;ama2000_de_profile_373833.zip;42.113.177.233
;;;;;;;;;;;;;;;;;;;SPM;['Spam Zero-Day'];xhamster.com;unysymafy94507A9085_083135.zip;121.245.136.205
;;;;;;;;;;;;;;;;;;;SPM;['Spam Zero-Day'];xhamster.com;pdf_profile-ulazoe_330118.zip;200.48.192.82
;;;;;;;;;;;;;;;;;;;SPM;['Spam Zero-Day'];xhamster.com;xeonetoku5951_copies_505963.zip;39.43.90.38
;;;;;;;;;;;;;;;;;;;SPM;['Spam Zero-Day'];xhamster.com;financial-lsoihoshi_296022.zip;117.198.37.83
;;;;;;;;;;;;;;;;;;;SPM;['Spam Zero-Day'];xhamster.com;bingesdll65_freport_505209.zip;117.218.48.85
;;;;;;;;;;;;;;;;;;;SPM;['Spam Zero-Day'];xhamster.com;yfyovuk9555_report_xls_192799.zip;187.221.124.30
;;;;;;;;;;;;;;;;;;;SPM;['Spam Zero-Day'];xhamster.com;tudoran-iulian_doc_492733.zip;5.57.79.25
;;;;;;;;;;;;;;;;;;;SPM;['Spam Zero-Day'];xhamster.com;document_noodex5981_301701.zip;150.165.25.254
;;;;;;;;;;;;;;;;;;;SPM;['Spam Zero-Day'];xhamster.com;document_leshadwana_394761.zip;60.254.1.163
;;;;;;;;;;;;;;;;;;;SPM;['Spam Zero-Day'];xhamster.com;updated_aucijaze7127_350295.zip;89.42.47.161
;;;;;;;;;;;;;;;;;;;SPM;['Spam Zero-Day'];xhamster.com;updated_ion1948n_325819.zip;191.98.147.18
;;;;;;;;;;;;;;;;;;;SPM;['Spam Zero-Day'];xhamster.com;updated_ekidun9816_031124.zip;61.2.10.104
;;;;;;;;;;;;;;;;;;;SPM;['Spam Zero-Day'];xhamster.com;lisa.paus1_scan_report_509811.zip;197.149.179.107
;;;;;;;;;;;;;;;;;;;SPM;['Spam Zero-Day'];xhamster.com;hgorgull_scan_report_710090.zip;103.255.4.100
;;;;;;;;;;;;;;;;;;;SPM;['Spam Zero-Day'];xhamster.com;dotuofe4397_scan_report_581387.zip;179.63.253.6
;;;;;;;;;;;;;;;;;;;SPM;['Spam Zero-Day'];xhamster.com;jisima_unpaid_122160.zip;200.58.184.58
;;;;;;;;;;;;;;;;;;;SPM;['Spam Zero-Day'];xhamster.com;adrian_dem_payment_667311.zip;43.224.221.227
;;;;;;;;;;;;;;;;;;;SPM;['Spam Zero-Day'];xhamster.com;ocebycib3511_payment_549390.zip;201.145.0.205
;;;;;;;;;;;;;;;;;;;SPM;['Spam Zero-Day'];xhamster.com;wasana_scanned_603555.zip;160.157.72.28
;;;;;;;;;;;;;;;;;;;SPM;['Spam Zero-Day'];xhamster.com;orneel_unpaid_870841.zip;105.106.25.148
;;;;;;;;;;;;;;;;;;;SPM;['Spam Zero-Day'];xhamster.com;unpaid_cialott_vo_950142.zip;27.97.250.161
;;;;;;;;;;;;;;;;;;;SPM;['Spam Zero-Day'];xhamster.com;unpaid_gjofficer_620474.zip;61.3.54.64
;;;;;;;;;;;;;;;;;;;SPM;['Spam Zero-Day'];xhamster.com;linus.hierholzerd_invoice_498512.zip;5.220.247.99
;;;;;;;;;;;;;;;;;;;SPM;['Spam Zero-Day'];xhamster.com;argon_addition_216952.zip;125.166.198.45
;;;;;;;;;;;;;;;;;;;SPM;['Spam Zero-Day'];xhamster.com;owyoavu2024_addition_375714.zip;187.140.242.143
;;;;;;;;;;;;;;;;;;;SPM;['Spam Zero-Day'];xhamster.com;changes_cfe5.9a2.compute.zip;103.238.229.6
;;;;;;;;;;;;;;;;;;;SPM;['Spam Zero-Day'];xhamster.com;doc_copy_marcus.runkel.zip;93.51.199.180
;;;;;;;;;;;;;;;;;;;SPM;['Spam Zero-Day'];xhamster.com;invitation_ytici6595.zip;117.0.123.170
;;;;;;;;;;;;;;;;;;;SPM;['Spam Zero-Day'];xhamster.com;weekly_marianelaoralia.zip;103.21.168.250
;;;;;;;;;;;;;;;;;;;SPM;['Spam Zero-Day'];xhamster.com;copy_invoice_72D43A6F.zip;190.188.115.157
;;;;;;;;;;;;;;;;;;;SPM;['Spam Zero-Day'];xhamster.com;copy_invoice_D0FE4CDA.zip;187.208.84.240
;;;;;;;;;;;;;;;;;;;SPM;['Spam Zero-Day'];xhamster.com;copy_invoice_F043F76C.zip;70.158.30.196
;;;;;;;;;;;;;;;;;;;SPM;['Spam Zero-Day'];xhamster.com;frotetrotet.ich.jtet.c_copies_FE833F77.zip;151.237.219.248
;;;;;;;;;;;;;;;;;;;SPM;['Spam Zero-Day'];xhamster.com;codi.vnn_unpaid_E7C673F2.zip;154.120.85.219
;;;;;;;;;;;;;;;;;;;SPM;['Spam Zero-Day'];xhamster.com;ireteexi3032_unpaid_B825DB97.zip;213.207.226.91
;;;;;;;;;;;;;;;;;;;SPM;['Spam Zero-Day'];xhamster.com;fechavarria_order_78F13F53.zip;89.137.53.174
;;;;;;;;;;;;;;;;;;;SPM;['Spam Zero-Day'];xhamster.com;aurent.crivello_proposal_E4B9EBEF.zip;42.114.5.20
;;;;;;;;;;;;;;;;;;;SPM;['Spam Zero-Day'];xhamster.com;fyiqyvyd2404_proposal_DE6F37C4.zip;178.135.82.182
;;;;;;;;;;;;;;;;;;;SPM;['Spam Zero-Day'];xhamster.com;uubysf_3080B9B3.zip;117.201.102.64
;;;;;;;;;;;;;;;;;;;SPM;['Spam Zero-Day'];xhamster.com;paacorps_75AC7B8E.zip;59.97.240.194
;;;;;;;;;;;;;;;;;;;SPM;['Spam Zero-Day'];xhamster.com;xukoatezo4697_D013A6D3.zip;78.38.21.4
;;;;;;;;;;;;;;;;;;;SPM;['Spam Zero-Day'];xhamster.com;other names_330BCD.zip;197.2.5.80
;;;;;;;;;;;;;;;;;;;SPM;['Spam Zero-Day'];xhamster.com;general journal entries_1CB3B5.zip;5.160.107.10
;;;;;;;;;;;;;;;;;;;SPM;['Spam Zero-Day'];xhamster.com;inventory adjustments_557052.zip;193.95.29.12
;;;;;;;;;;;;;;;;;;;SPM;['Spam Zero-Day'];xhamster.com;fixed asset_7CFD80.zip;95.128.191.170
;;;;;;;;;;;;;;;;;;;SPM;['Spam Zero-Day', 'Win.Malware.Locky-9627'];xhamster.com;export_xls_837.zip;94.97.243.77
;;;;;;;;;;;;;;;;;;;SPM;['Spam Zero-Day'];xhamster.com;item receipts_5E8AB6.zip;59.90.113.175
;;;;;;;;;;;;;;;;;;;SPM;['Spam Zero-Day', 'Win.Malware.Locky-11584'];xhamster.com;wire_xls_ACD.zip;216.226.249.36
;;;;;;;;;;;;;;;;;;;SPM;['Spam Zero-Day', 'Win.Malware.Locky-9209'];xhamster.com;export_xls_07A.zip;117.204.193.137
;;;;;;;;;;;;;;;;;;;SPM;['Spam Zero-Day', 'Win.Malware.Locky-8202'];xhamster.com;wire_xls_136.zip;197.27.55.194
;;;;;;;;;;;;;;;;;;;SPM;['Spam Zero-Day', 'Win.Malware.Locky-7990', 'Win.Malware.Locky-9013'];xhamster.com;export_xls_D75.zip;182.186.177.153
;;;;;;;;;;;;;;;;;;;SPM;['Spam Zero-Day'];xhamster.com;transfers_D5A.zip;59.96.103.173
;;;;;;;;;;;;;;;;;;;SPM;['Spam Zero-Day'];xhamster.com;account_478.zip;186.113.243.69
;;;;;;;;;;;;;;;;;;;SPM;['Spam Zero-Day'];xhamster.com;PDF_583.zip;190.18.136.90
;;;;;;;;;;;;;;;;;;;SPM;['Spam Zero-Day'];xhamster.com;385091_6402081028.zip;217.253.211.86
;;;;;;;;;;;;;;;;;;;SPM;['Spam Zero-Day'];xhamster.com;Order Ankunding-Kiehn_rsBKDGCwbeAZFTs2GB.zip;92.51.117.243
;;;;;;;;;;;;;;;;;;;SPM;['Spam Zero-Day'];xhamster.com;Fax-2805205.zip;75.138.51.66
;;;;;;;;;;;;;;;;;;;SPM;['Spam Zero-Day'];xhamster.com;Doc#988326.zip;217.165.121.244
2;2021-04-22;c.n.c.p.o.;https://www.facileporno.com/;Corretto;Pornography: Includes Web sites containing the depiction of sexually explicit activities and erotic content unsuitable to persons under the age of 18.;facileporno.com;2017-04-04;2021-03-25;2022-04-03;Mera Borja;TechPump Solutions S.L.;Gijon, None;Eurodns S.A.;['legal@eurodns.com', 'legalservices@eurodns.com', 'soporte@monetia.com'];0;;;;############;############;############;############;############
3;2021-04-22;c.n.c.p.o.;https://www.xnxx.com/search/porno%20italiano;Corretto;Pornography: Includes Web sites containing the depiction of sexually explicit activities and erotic content unsuitable to persons under the age of 18.;xnxx.com;2002-04-08;2020-04-30;2024-04-08;REDACTED FOR PRIVACY;NKL s.r.o.;Paris, Paris;GANDI SAS;['abuse@support.gandi.net', '56252a067449f6a18e6c0bd0af3f9af1-1899176@contact.gandi.net'];0;;;;############;############;############;############;############
4;2021-04-22;c.n.c.p.o.;https://www.voglioporno.com/piu-visti/;Corretto;Pornography: Includes Web sites containing the depiction of sexually explicit activities and erotic content unsuitable to persons under the age of 18.;voglioporno.com;2012-08-23;2020-08-17;2021-08-22;Whois Privacy;Whois Privacy (enumDNS dba);Root-sur-Syre, None;Eurodns S.A.;['legal@eurodns.com', 'legalservices@eurodns.com', '4de586df11872d5c_o@whoisprivacy.com', '4de586df11872d5c_a@whoisprivacy.com', '4de586df11872d5c_t@whoisprivacy.com'];0;;;;############;############;############;############;############
5;2021-04-22;c.n.c.p.o.;https://www.vergineporno.com/;Corretto;Pornography: Includes Web sites containing the depiction of sexually explicit activities and erotic content unsuitable to persons under the age of 18.;vergineporno.com;2015-04-20;2021-02-17;2025-04-20;None;None;None, Verona;GoDaddy.com, LLC;abuse@godaddy.com;0;;;;############;############;############;############;############
6;2021-04-22;c.n.c.p.o.;https://it.pornhub.com/;Corretto;Pornography: Includes Web sites containing the depiction of sexually explicit activities and erotic content unsuitable to persons under the age of 18.;pornhub.com;2000-10-31;2019-02-26;2021-10-30;Whois Privacy;Whois Privacy (enumDNS dba);Root-sur-Syre, None;Eurodns S.A.;['legal@eurodns.com', 'legalservices@eurodns.com', '77423009d240d737_o@whoisprivacy.com', '77423009d240d737_a@whoisprivacy.com', '77423009d240d737_t@whoisprivacy.com'];6;;;;############;############;############;############;############
;;;;;;;;;;;;;;;;;;;SPM;['Spam Zero-Day'];pornhub.com;splurge fastener hillock.zip;87.223.191.228
;;;;;;;;;;;;;;;;;;;SPM;['Spam Zero-Day'];pornhub.com;813205-.zip;80.193.220.10
;;;;;;;;;;;;;;;;;;;SPM;['Spam Zero-Day'];pornhub.com;Scan#851270827.zip;189.203.101.224
;;;;;;;;;;;;;;;;;;;SPM;['Spam Zero-Day'];pornhub.com;skge9bQ6Bji33.zip;125.254.66.94
;;;;;;;;;;;;;;;;;;;SPM;['Spam Zero-Day'];pornhub.com;JB0eU063jL7V6.zip;125.254.66.94
;;;;;;;;;;;;;;;;;;;SPM;['Spam Zero-Day'];pornhub.com;wPhxiWb4.zip;198.245.215.4
7;2021-04-22;c.n.c.p.o.;https://www.youporn.com/;Corretto;Pornography: Includes Web sites containing the depiction of sexually explicit activities and erotic content unsuitable to persons under the age of 18.;youporn.com;2005-12-02;2019-02-26;2021-05-22;Whois Privacy;Whois Privacy (enumDNS dba);Root-sur-Syre, None;Eurodns S.A.;['legal@eurodns.com', 'legalservices@eurodns.com', 'b1405f5b846e8a80_o@whoisprivacy.com', 'b1405f5b846e8a80_a@whoisprivacy.com', 'b1405f5b846e8a80_t@whoisprivacy.com'];3;;;;############;############;############;############;############
;;;;;;;;;;;;;;;;;;;SPM;['Spam Zero-Day'];youporn.com;documents Deon PineGL.zip;67.60.35.159
;;;;;;;;;;;;;;;;;;;SPM;['Spam Zero-Day'];youporn.com;Fax-24490378-189095445.zip;76.167.89.139
;;;;;;;;;;;;;;;;;;;SPM;['Spam Zero-Day'];youporn.com;fax 327296043.zip;50.206.230.34
8;2021-04-22;c.n.c.p.o.;https://serlab.di.uniba.it/;Corretto;Education: Includes e-learning Web sites, dictionaries, encyclopaedias, scientific literature and educational institutions such as universities, colleges, schools, kindergartens etc.;uniba.it;1996-01-29;2021-02-14;2022-01-29;Vito Zupa;Consortium GARR;None, None;Consortium GARR;None;39;;;;############;############;############;############;############
;;;;;;;;;;;;;;;;;;;SPM;['Spam Zero-Day'];uniba.it;339395608.zip;118.168.163.210
;;;;;;;;;;;;;;;;;;;SPM;['Spam Zero-Day'];uniba.it;95.zip;222.254.34.31
;;;;;;;;;;;;;;;;;;;SPM;['Spam Zero-Day'];uniba.it;308213751623389.zip;37.114.144.78
;;;;;;;;;;;;;;;;;;;SPM;['Spam Zero-Day'];uniba.it;2872246240.zip;218.26.97.162
;;;;;;;;;;;;;;;;;;;SPM;['Spam Zero-Day'];uniba.it;8799.zip;120.219.38.251
;;;;;;;;;;;;;;;;;;;SPM;['Spam Zero-Day'];uniba.it;14845.zip;117.245.76.46
;;;;;;;;;;;;;;;;;;;SPM;['Spam Zero-Day'];uniba.it;851189758245871.zip;94.51.154.154
;;;;;;;;;;;;;;;;;;;SPM;['Spam Zero-Day'];uniba.it;13269_ceciliasage.zip;176.209.43.244
;;;;;;;;;;;;;;;;;;;SPM;['Spam Zero-Day'];uniba.it;EMAIL_7549696_kletzand.zip;212.69.6.61
;;;;;;;;;;;;;;;;;;;SPM;['Spam Zero-Day'];uniba.it;INFO_9583433154789_oywipyhyve7159.zip;117.243.182.37
;;;;;;;;;;;;;;;;;;;SPM;['Spam Zero-Day'];uniba.it;INFO_9583433154789_oywiraso6775.zip;117.243.182.37
;;;;;;;;;;;;;;;;;;;SPM;['Spam Zero-Day'];uniba.it;INFO_858196484935672_ceciliasage.zip;95.104.171.212
;;;;;;;;;;;;;;;;;;;SPM;['Spam Zero-Day'];uniba.it;INFO_858196484935672_ceciliasand.zip;95.104.171.212
;;;;;;;;;;;;;;;;;;;SPM;['Spam Zero-Day'];uniba.it;EMAIL_072218239235775_oywipyhyve7159.zip;117.255.209.26
;;;;;;;;;;;;;;;;;;;SPM;['Spam Zero-Day'];uniba.it;EMAIL_072218239235775_oywiraso6775.zip;117.255.209.26
;;;;;;;;;;;;;;;;;;;SPM;['Spam Zero-Day'];uniba.it;EMAIL_660045331_ceciliasage.zip;173.198.251.13
;;;;;;;;;;;;;;;;;;;SPM;['Spam Zero-Day'];uniba.it;EMAIL_660045331_ceciliasand.zip;173.198.251.13
;;;;;;;;;;;;;;;;;;;SPM;['Spam Zero-Day'];uniba.it;EMAIL_60321_ceciliasand.zip;50.253.137.241
;;;;;;;;;;;;;;;;;;;SPM;['Spam Zero-Day'];uniba.it;EMAIL_60321_ceciliasage.zip;50.253.137.241
;;;;;;;;;;;;;;;;;;;SPM;['Spam Zero-Day'];uniba.it;EMAIL_89564448602_ceciliasage.zip;183.117.2.164
;;;;;;;;;;;;;;;;;;;SPM;['Spam Zero-Day'];uniba.it;EMAIL_89564448602_ceciliasand.zip;183.117.2.164
;;;;;;;;;;;;;;;;;;;SPM;['Spam Zero-Day'];uniba.it;EMAIL_93977833_ceciliasage.zip;219.237.221.50
;;;;;;;;;;;;;;;;;;;SPM;['Spam Zero-Day'];uniba.it;EMAIL_93977833_ceciliasand.zip;219.237.221.50
;;;;;;;;;;;;;;;;;;;SPM;['Spam Zero-Day'];uniba.it;gsg.INVOICE_047007515_kletzand.zip;87.0.218.229
;;;;;;;;;;;;;;;;;;;SPM;['Spam Zero-Day'];uniba.it;EMAIL_33574806561716_ceciliasand.zip;14.64.17.117
;;;;;;;;;;;;;;;;;;;SPM;['Spam Zero-Day'];uniba.it;EMAIL_33574806561716_ceciliasage.zip;14.64.17.117
;;;;;;;;;;;;;;;;;;;SPM;['Spam Zero-Day'];uniba.it;EMAIL_826947894_kletzand.zip;179.192.203.236
;;;;;;;;;;;;;;;;;;;SPM;['Spam Zero-Day'];uniba.it;EMAIL_0990889_ceciliasand.zip;14.44.153.220
;;;;;;;;;;;;;;;;;;;SPM;['Spam Zero-Day'];uniba.it;EMAIL_0990889_ceciliasage.zip;14.44.153.220
;;;;;;;;;;;;;;;;;;;SPM;['Spam Zero-Day'];uniba.it;INFO_9540852833_oywiraso6775.zip;160.80.87.187
;;;;;;;;;;;;;;;;;;;SPM;['Spam Zero-Day'];uniba.it;INFO_9540852833_oywipyhyve7159.zip;160.80.87.187
;;;;;;;;;;;;;;;;;;;SPM;['Spam Zero-Day'];uniba.it;img-908661346417003351345 pdf.zip;223.255.148.190
;;;;;;;;;;;;;;;;;;;SPM;['Spam Zero-Day'];uniba.it;img-847251453773682692703 pdf.zip;61.78.230.124
;;;;;;;;;;;;;;;;;;;SPM;['Spam Zero-Day'];uniba.it;img-999419315504951385268 pdf.zip;113.193.248.162
;;;;;;;;;;;;;;;;;;;SPM;['Spam Zero-Day'];uniba.it;img-697763830683427927275 pdf.zip;124.194.139.194
;;;;;;;;;;;;;;;;;;;SPM;['Spam Zero-Day'];uniba.it;img-751950370922263637908 pdf.zip;123.143.16.35
;;;;;;;;;;;;;;;;;;;SPM;['Spam Zero-Day'];uniba.it;Bank-Kaelyn Raynor_Kunze-Jast_invoice0252620.zip;93.108.241.180
;;;;;;;;;;;;;;;;;;;SPM;['Spam Zero-Day'];uniba.it;myFax_Judge Rosenbaum_447-192-8488_3671996057134210.zip;71.80.160.139
;;;;;;;;;;;;;;;;;;;SPM;['Spam Zero-Day'];uniba.it;Rechnung vom 19.03.2015 - Stellvertretender Sachbearbeiter Online Pay GmbH.zip;193.204.176.10
